pipeline_id,total_tasks,is_production,pipeline_success
pipe-aajpt,1,0,1
pipe-aavnq,1,0,1
pipe-acftp,1,0,1
pipe-acoca,1,0,1
pipe-adxsr,1,0,1
pipe-adzup,1,0,1
pipe-aeiwp,1,0,1
pipe-aejwu,1,0,0
pipe-aemha,1,0,1
pipe-afmvw,1,0,1
pipe-agxgg,1,0,0
pipe-ahkzh,1,0,1
pipe-aiqzq,1,0,1
pipe-ajdtu,1,0,1
pipe-ajeiv,1,0,1
pipe-akdsj,1,0,1
pipe-akqfp,1,0,1
pipe-ampjf,1,0,0
pipe-aneay,1,0,1
pipe-anrep,1,0,1
pipe-aoejc,1,0,1
pipe-aqhdv,1,0,0
pipe-aqmmn,1,0,1
pipe-arqgt,1,0,1
pipe-asqgq,1,0,0
pipe-asqyg,1,0,1
pipe-auogf,1,0,1
pipe-auzqw,1,0,1
pipe-avcym,1,0,1
pipe-avmxf,1,0,1
pipe-awxss,1,0,1
pipe-axjjm,1,0,1
pipe-axmrj,1,0,1
pipe-axyol,1,0,0
pipe-ayhgi,1,0,1
pipe-ayqae,1,0,1
pipe-azhtn,1,0,1
pipe-azmhb,1,0,1
pipe-azxnc,1,0,1
pipe-bbixc,1,0,0
pipe-bbzle,1,0,1
pipe-bckhc,1,0,1
pipe-bctpx,1,0,1
pipe-bcvcy,1,0,1
pipe-bcwkh,1,0,1
pipe-bcxxl,1,0,1
pipe-bdfoy,1,0,0
pipe-bdxal,1,0,0
pipe-begvx,1,0,1
pipe-bfjrp,1,0,1
pipe-bfrwo,1,0,1
pipe-bhedj,1,0,1
pipe-bhgzt,1,0,0
pipe-bhogj,1,0,1
pipe-bicau,1,0,0
pipe-bihbx,1,0,0
pipe-bisif,1,0,1
pipe-bjhnp,1,0,1
pipe-bjudx,1,0,0
pipe-bltxq,1,0,1
pipe-bmqbq,1,0,1
pipe-bmvzu,1,0,0
pipe-bmxgt,1,0,0
pipe-boyln,1,0,1
pipe-bpdpu,1,0,1
pipe-brhwg,1,0,1
pipe-bruex,1,0,1
pipe-brupi,1,0,0
pipe-btcbh,1,0,0
pipe-bthxj,1,0,1
pipe-btiwd,1,0,0
pipe-buiwg,1,0,0
pipe-bvfsz,1,0,1
pipe-bvgdr,1,0,1
pipe-bvhxp,1,0,0
pipe-bvkwc,1,0,1
pipe-bvlhn,1,0,1
pipe-cbvgd,1,0,1
pipe-ccyte,1,0,0
pipe-cekpm,1,0,0
pipe-cflpw,1,0,1
pipe-cfqsw,1,0,1
pipe-cgxgq,1,0,0
pipe-cmgpt,1,0,1
pipe-cnvvo,1,0,1
pipe-cpqfc,1,0,1
pipe-crdtv,1,0,1
pipe-crzdj,1,0,1
pipe-csnma,1,0,1
pipe-cuggo,1,0,1
pipe-cunlf,1,0,1
pipe-cvrvp,1,0,1
pipe-cwhdm,1,0,1
pipe-cxisk,1,0,1
pipe-cxksw,1,0,0
pipe-cygxp,1,0,0
pipe-daqmy,1,0,0
pipe-dbcfy,1,0,1
pipe-dbckx,1,0,1
pipe-dbxus,1,0,0
pipe-ddfsk,1,0,1
pipe-ddgcp,1,0,0
pipe-ddkns,1,0,1
pipe-ddtut,1,0,1
pipe-depay,1,0,1
pipe-dflcy,1,0,1
pipe-dgsjk,1,0,1
pipe-dhjlp,1,0,1
pipe-dipux,1,0,1
pipe-djqdv,1,0,1
pipe-dkbte,1,0,1
pipe-dlxri,1,0,1
pipe-dmdtp,1,0,1
pipe-dmmsh,1,0,1
pipe-dnwgk,1,0,1
pipe-dorzb,1,0,1
pipe-dpfbn,1,0,1
pipe-dpfhg,1,0,1
pipe-drfjj,1,0,1
pipe-drzhe,1,0,1
pipe-dtowh,1,0,1
pipe-dziyd,1,0,1
pipe-dzzvj,1,0,0
pipe-dzzvq,1,0,1
pipe-eaaot,1,0,0
pipe-ebtop,1,0,1
pipe-ecdyu,1,0,1
pipe-echgs,1,0,1
pipe-eckkd,1,0,0
pipe-eckve,1,0,1
pipe-efmsx,1,0,1
pipe-efven,1,0,1
pipe-efzlj,1,0,1
pipe-ehsld,1,0,0
pipe-ehubv,1,0,1
pipe-ehxnj,1,0,0
pipe-eikbb,1,0,1
pipe-ekieq,1,0,1
pipe-ekozy,1,0,0
pipe-eldsb,1,0,1
pipe-elvym,1,0,0
pipe-emhuj,1,0,1
pipe-emtod,1,0,0
pipe-enoqb,1,0,1
pipe-eorjp,1,0,1
pipe-eprih,1,0,1
pipe-eqacb,1,0,1
pipe-eqbnc,1,0,1
pipe-eqhfq,1,0,1
pipe-eqjli,1,0,1
pipe-eqmye,1,0,1
pipe-eqplq,1,0,0
pipe-erbjb,1,0,1
pipe-eripz,1,0,1
pipe-etemt,1,0,1
pipe-etvbu,1,0,1
pipe-etxqd,1,0,0
pipe-etyke,1,0,1
pipe-evrcv,1,0,1
pipe-ewdpq,1,0,1
pipe-exhjd,1,0,0
pipe-exulu,1,0,1
pipe-faaot,1,0,1
pipe-fbxlh,1,0,1
pipe-fcfqb,1,0,0
pipe-fcnji,1,0,0
pipe-fcrxx,1,0,1
pipe-fcvme,1,0,1
pipe-fdeze,1,0,1
pipe-feknr,1,0,0
pipe-feouv,1,0,1
pipe-fewxp,1,0,1
pipe-fgmdm,1,0,0
pipe-fhhpq,1,0,1
pipe-fjqhs,1,0,1
pipe-fkbtr,1,0,1
pipe-fksav,1,0,0
pipe-flqdt,1,0,1
pipe-fpaga,1,0,1
pipe-fpdym,1,0,1
pipe-fqfwb,1,0,1
pipe-frian,1,0,1
pipe-frtti,1,0,1
pipe-fsekj,1,0,1
pipe-fsnyy,1,0,0
pipe-ftmwg,1,0,1
pipe-fulak,1,0,0
pipe-furpq,1,0,0
pipe-fvgza,1,0,1
pipe-fvmaq,1,0,0
pipe-fxcbz,1,0,1
pipe-fycwn,1,0,1
pipe-fykly,1,0,1
pipe-fylhm,1,0,1
pipe-fysjp,1,0,1
pipe-fzeaz,1,0,1
pipe-fzefn,1,0,0
pipe-fzhky,1,0,1
pipe-gaygh,1,0,1
pipe-gbnnv,1,0,1
pipe-gddnf,1,0,1
pipe-gdihx,1,0,0
pipe-gdvbk,1,0,1
pipe-ggakn,1,0,1
pipe-ggqby,1,0,0
pipe-ghtyq,1,0,1
pipe-gioqd,1,0,1
pipe-gjkfx,1,0,0
pipe-gkiyy,1,0,1
pipe-glsyk,1,0,0
pipe-gmlrt,1,0,1
pipe-gnrle,1,0,1
pipe-gnwzj,1,0,0
pipe-gnyji,1,0,0
pipe-gpbvd,1,0,1
pipe-gtivx,1,0,0
pipe-gtrbk,1,0,1
pipe-gtskt,1,0,1
pipe-gucow,1,0,0
pipe-guzhf,1,0,0
pipe-gvfox,1,0,0
pipe-gvmil,1,0,1
pipe-gvqcj,1,0,0
pipe-gvzes,1,0,1
pipe-gwble,1,0,1
pipe-gwmyg,1,0,0
pipe-gzwus,1,0,1
pipe-gzyxi,1,0,1
pipe-hbqzl,1,0,0
pipe-hbtil,1,0,1
pipe-hdkej,1,0,1
pipe-hdkns,1,0,1
pipe-hfgua,1,0,0
pipe-hfllf,1,0,1
pipe-hhcif,1,0,1
pipe-hhztk,1,0,1
pipe-hirxa,1,0,1
pipe-hjahz,1,0,1
pipe-hkjcc,1,0,0
pipe-hlkyb,1,0,1
pipe-hovbp,1,0,0
pipe-hpxpo,1,0,1
pipe-hrino,1,0,1
pipe-hunyi,1,0,1
pipe-huvoq,1,0,1
pipe-hwkwo,1,0,0
pipe-hwoev,1,0,0
pipe-hyged,1,0,0
pipe-hyugf,1,0,0
pipe-hzisz,1,0,1
pipe-icgza,1,0,0
pipe-icogq,1,0,1
pipe-idczi,1,0,1
pipe-iecxn,1,0,1
pipe-ifjqp,1,0,1
pipe-ifurh,1,0,0
pipe-igkvd,1,0,1
pipe-ihqvu,1,0,1
pipe-iicrt,1,0,1
pipe-iiozj,1,0,1
pipe-ikatf,1,0,1
pipe-ikihu,1,0,1
pipe-ikiyn,1,0,0
pipe-ikqzx,1,0,1
pipe-ilchp,1,0,1
pipe-impdm,1,0,1
pipe-inlah,1,0,1
pipe-iolmh,1,0,1
pipe-iqyab,1,0,1
pipe-isyrc,1,0,1
pipe-itcoy,1,0,1
pipe-iuarg,1,0,1
pipe-iuilg,1,0,1
pipe-iujqn,1,0,0
pipe-ivuyn,1,0,1
pipe-iwyow,1,0,1
pipe-ixaqa,1,0,1
pipe-ixswj,1,0,1
pipe-ixwlz,1,0,1
pipe-iyrcg,1,0,1
pipe-jakwz,1,0,0
pipe-jback,1,0,0
pipe-jdtsm,1,0,1
pipe-jebcc,1,0,1
pipe-jeoxp,1,0,0
pipe-jfkqt,1,0,1
pipe-jfyib,1,0,1
pipe-jgeje,1,0,0
pipe-jgqpw,1,0,1
pipe-jguia,1,0,1
pipe-jgvxp,1,0,0
pipe-jhzyp,1,0,1
pipe-jjxvq,1,0,1
pipe-jknoh,1,0,1
pipe-jmcgk,1,0,1
pipe-jnlet,1,0,1
pipe-jogtp,1,0,1
pipe-jsoiy,1,0,0
pipe-jssqd,1,0,1
pipe-jvsxg,1,0,1
pipe-jxeyq,1,0,1
pipe-jxsne,1,0,1
pipe-jxwqk,1,0,1
pipe-jymhf,1,0,1
pipe-jyxnb,1,0,1
pipe-kaexx,1,0,1
pipe-kapec,1,0,1
pipe-kdguo,1,0,1
pipe-kdgxc,1,0,1
pipe-kdvxb,1,0,1
pipe-keewh,1,0,0
pipe-kefof,1,0,1
pipe-ketma,1,0,1
pipe-kgyvb,1,0,1
pipe-khqes,1,0,1
pipe-khyrz,1,0,1
pipe-kiayp,1,0,1
pipe-kiguy,1,0,0
pipe-kjxjg,1,0,1
pipe-kkjqy,1,0,1
pipe-kkpfy,1,0,1
pipe-kkpun,1,0,0
pipe-kkxpt,1,0,1
pipe-kkynn,1,0,1
pipe-kkzaj,1,0,1
pipe-klzmz,1,0,0
pipe-konub,1,0,1
pipe-krbcs,1,0,1
pipe-krbsz,1,0,1
pipe-krfla,1,0,1
pipe-kruol,1,0,0
pipe-kseff,1,0,1
pipe-ksrqs,1,0,0
pipe-ktasf,1,0,1
pipe-ktyxw,1,0,1
pipe-kusyt,1,0,1
pipe-kuvqr,1,0,1
pipe-kwdez,1,0,1
pipe-kyfqx,1,0,0
pipe-kykdv,1,0,1
pipe-kyknm,1,0,0
pipe-kzgef,1,0,1
pipe-lamzr,1,0,1
pipe-latur,1,0,1
pipe-lbxtz,1,0,0
pipe-lcrys,1,0,1
pipe-ldebl,1,0,1
pipe-ldfhw,1,0,0
pipe-ldwwn,1,0,0
pipe-ledgr,1,0,1
pipe-lelrv,1,0,1
pipe-lfwrs,1,0,1
pipe-lidao,1,0,1
pipe-llhrk,1,0,1
pipe-llkvt,1,0,0
pipe-lllih,1,0,1
pipe-llrgx,1,0,0
pipe-lnhru,1,0,0
pipe-lpcgq,1,0,1
pipe-lphmg,1,0,1
pipe-lqmnl,1,0,0
pipe-lrltq,1,0,0
pipe-lumxr,1,0,1
pipe-lvqjg,1,0,1
pipe-lypqt,1,0,1
pipe-lzewt,1,0,1
pipe-maabm,1,0,1
pipe-marwy,1,0,0
pipe-mbxgq,1,0,1
pipe-mgldr,1,0,1
pipe-mhsbn,1,0,1
pipe-mjnuc,1,0,1
pipe-mjyrf,1,0,1
pipe-mkyet,1,0,1
pipe-mkyye,1,0,1
pipe-mlcoy,1,0,0
pipe-mlfqc,1,0,1
pipe-mmgqn,1,0,1
pipe-mmgxj,1,0,1
pipe-mogid,1,0,1
pipe-mooze,1,0,1
pipe-mpeen,1,0,0
pipe-mpjwd,1,0,0
pipe-mqlyu,1,0,1
pipe-mrbar,1,0,1
pipe-mtqtg,1,0,1
pipe-muasr,1,0,1
pipe-mulby,1,0,0
pipe-muvcf,1,0,1
pipe-mvjqp,1,0,1
pipe-mwhtw,1,0,1
pipe-mwkkl,1,0,0
pipe-mycfh,1,0,1
pipe-mzegz,1,0,1
pipe-mzfhh,1,0,1
pipe-nasiy,1,0,1
pipe-nbsag,1,0,1
pipe-nbvic,1,0,0
pipe-nbzxs,1,0,1
pipe-ncamq,1,0,1
pipe-nceyj,1,0,1
pipe-nfsvv,1,0,1
pipe-ngdoz,1,0,1
pipe-ngfve,1,0,1
pipe-nhzlo,1,0,0
pipe-nkshw,1,0,0
pipe-nlcox,1,0,1
pipe-nlidl,1,0,1
pipe-nmsde,1,0,1
pipe-nmzfe,1,0,1
pipe-nnauq,1,0,1
pipe-nndcd,1,0,0
pipe-npaee,1,0,0
pipe-npjqk,1,0,1
pipe-npuag,1,0,1
pipe-nqfnw,1,0,1
pipe-nrfvq,1,0,1
pipe-nsewk,1,0,1
pipe-ntpur,1,0,1
pipe-nueqk,1,0,1
pipe-nwxga,1,0,1
pipe-nxbsu,1,0,1
pipe-nyhmd,1,0,1
pipe-nyiih,1,0,1
pipe-nywyx,1,0,1
pipe-nzgud,1,0,0
pipe-oakjy,1,0,1
pipe-oazhv,1,0,1
pipe-objxe,1,0,1
pipe-obutp,1,0,1
pipe-occta,1,0,1
pipe-ocmjb,1,0,1
pipe-ocvyx,1,0,0
pipe-oczyt,1,0,1
pipe-odylu,1,0,0
pipe-oegqt,1,0,1
pipe-oence,1,0,1
pipe-ofkhs,1,0,0
pipe-ofrbk,1,0,1
pipe-ogaxw,1,0,1
pipe-ogcag,1,0,0
pipe-ohjdl,1,0,1
pipe-ohxgh,1,0,1
pipe-oicro,1,0,0
pipe-ojhnz,1,0,1
pipe-okgtu,1,0,1
pipe-okjmm,1,0,1
pipe-oknyz,1,0,0
pipe-olcib,1,0,1
pipe-olnkc,1,0,1
pipe-oloqe,1,0,1
pipe-omkjt,1,0,0
pipe-omnjw,1,0,0
pipe-onliv,1,0,1
pipe-ooajg,1,0,1
pipe-opccl,1,0,1
pipe-oredz,1,0,1
pipe-oroad,1,0,1
pipe-otcfb,1,0,1
pipe-otuah,1,0,1
pipe-owueg,1,0,0
pipe-owzhp,1,0,1
pipe-oxhxh,1,0,1
pipe-oypjd,1,0,0
pipe-ozdma,1,0,1
pipe-oziki,1,0,1
pipe-pbknf,1,0,1
pipe-pbsut,1,0,1
pipe-pdxln,1,0,1
pipe-peqjr,1,0,1
pipe-pfnve,1,0,1
pipe-phphh,1,0,1
pipe-phtis,1,0,0
pipe-piaxl,1,0,1
pipe-pjeqy,1,0,1
pipe-pjhsi,1,0,0
pipe-pjkmx,1,0,1
pipe-pjyqa,1,0,1
pipe-pmnmj,1,0,1
pipe-pmzim,1,0,1
pipe-pnjvi,1,0,1
pipe-pnqtx,1,0,0
pipe-pnsho,1,0,1
pipe-pnvzk,1,0,1
pipe-pocpk,1,0,0
pipe-poqmu,1,0,1
pipe-pptgo,1,0,1
pipe-ppyfu,1,0,1
pipe-pqjpj,1,0,0
pipe-prymx,1,0,0
pipe-psshg,1,0,1
pipe-ptiaw,1,0,1
pipe-pulqz,1,0,0
pipe-puyme,1,0,1
pipe-pwfoh,1,0,1
pipe-pwjrh,1,0,1
pipe-pxctz,1,0,1
pipe-pzcyz,1,0,1
pipe-qakim,1,0,0
pipe-qbtej,1,0,1
pipe-qdawd,1,0,1
pipe-qeiww,1,0,1
pipe-qfljh,1,0,1
pipe-qgfuo,1,0,0
pipe-qgrrz,1,0,1
pipe-qhuxq,1,0,1
pipe-qjjzx,1,0,1
pipe-qligy,1,0,0
pipe-qqrdf,1,0,1
pipe-qqsqu,1,0,0
pipe-qrgzc,1,0,1
pipe-qrkbm,1,0,1
pipe-qrpxc,1,0,1
pipe-qtkmr,1,0,1
pipe-qufwq,1,0,1
pipe-qvajz,1,0,1
pipe-qvdxv,1,0,0
pipe-qvloy,1,0,0
pipe-qvsyn,1,0,1
pipe-qwjvk,1,0,0
pipe-qwnwl,1,0,1
pipe-qwqfx,1,0,1
pipe-qwwsk,1,0,1
pipe-qxkar,1,0,1
pipe-qyfzr,1,0,0
pipe-qzump,1,0,1
pipe-raeaf,1,0,0
pipe-raull,1,0,1
pipe-rbftg,1,0,0
pipe-rbjuv,1,0,1
pipe-rbqch,1,0,1
pipe-rcncg,1,0,1
pipe-rcnmi,1,0,1
pipe-rcolj,1,0,1
pipe-reolr,1,0,1
pipe-rgtit,1,0,1
pipe-rhxam,1,0,1
pipe-riamx,1,0,1
pipe-rjior,1,0,1
pipe-rkfte,1,0,1
pipe-rkwft,1,0,1
pipe-rlatm,1,0,1
pipe-rmalx,1,0,1
pipe-rmlqy,1,0,0
pipe-rojzq,1,0,1
pipe-rorwn,1,0,1
pipe-rppam,1,0,0
pipe-rqscx,1,0,1
pipe-rrbnc,1,0,1
pipe-rryir,1,0,0
pipe-rrzzy,1,0,1
pipe-rsghy,1,0,1
pipe-rsycf,1,0,1
pipe-rtnos,1,0,1
pipe-ruobm,1,0,1
pipe-rvaxw,1,0,1
pipe-rxnpr,1,0,1
pipe-rxvri,1,0,1
pipe-rykrn,1,0,1
pipe-rylyg,1,0,1
pipe-sbhdd,1,0,0
pipe-semyz,1,0,1
pipe-sfkeq,1,0,1
pipe-sfqkd,1,0,1
pipe-shati,1,0,1
pipe-shtdv,1,0,0
pipe-sjidg,1,0,1
pipe-sjvyk,1,0,1
pipe-skpdz,1,0,1
pipe-slgka,1,0,1
pipe-sryzv,1,0,1
pipe-sscko,1,0,1
pipe-stcqg,1,0,1
pipe-svmne,1,0,0
pipe-swaqr,1,0,1
pipe-swvor,1,0,1
pipe-sxksj,1,0,0
pipe-sxuqf,1,0,0
pipe-sygwv,1,0,1
pipe-syiep,1,0,1
pipe-tblbo,1,0,1
pipe-tbtaf,1,0,1
pipe-tciha,1,0,1
pipe-tclhw,1,0,0
pipe-tfzir,1,0,1
pipe-tgkxa,1,0,1
pipe-thxgy,1,0,1
pipe-tkqvz,1,0,1
pipe-tkumz,1,0,0
pipe-tkwsc,1,0,1
pipe-tnuwf,1,0,1
pipe-tpdip,1,0,1
pipe-tpkhi,1,0,0
pipe-trbue,1,0,1
pipe-trihm,1,0,1
pipe-trrkw,1,0,0
pipe-tscrr,1,0,1
pipe-tstpp,1,0,1
pipe-tsvdm,1,0,1
pipe-ttfas,1,0,1
pipe-ttqbr,1,0,0
pipe-tvhrj,1,0,1
pipe-twkhq,1,0,0
pipe-twvlx,1,0,1
pipe-twwfo,1,0,1
pipe-txnem,1,0,1
pipe-tyifw,1,0,0
pipe-tyvgk,1,0,0
pipe-uamgi,1,0,1
pipe-uaykt,1,0,1
pipe-ubrhc,1,0,1
pipe-ubslj,1,0,1
pipe-ubtir,1,0,0
pipe-ucaqt,1,0,1
pipe-ucbhl,1,0,1
pipe-ucwas,1,0,1
pipe-udbkv,1,0,1
pipe-uenbh,1,0,1
pipe-uerzm,1,0,1
pipe-ueszi,1,0,0
pipe-ueuwt,1,0,1
pipe-uevff,1,0,1
pipe-ugbhe,1,0,1
pipe-uhmws,1,0,0
pipe-uirqw,1,0,1
pipe-ujoql,1,0,1
pipe-ujrok,1,0,1
pipe-ujzrh,1,0,1
pipe-ukrfd,1,0,1
pipe-ulklm,1,0,1
pipe-umgew,1,0,1
pipe-uoert,1,0,1
pipe-uoihp,1,0,1
pipe-uoldy,1,0,1
pipe-uongc,1,0,1
pipe-uoqyt,1,0,1
pipe-uosho,1,0,1
pipe-uqinf,1,0,1
pipe-uqmer,1,0,1
pipe-urepe,1,0,0
pipe-ureyw,1,0,0
pipe-urtjy,1,0,1
pipe-ushfb,1,0,1
pipe-utbem,1,0,1
pipe-utxvq,1,0,1
pipe-uwwkj,1,0,0
pipe-uxgdg,1,0,1
pipe-uzcwq,1,0,0
pipe-vabil,1,0,1
pipe-vacaa,1,0,0
pipe-vawec,1,0,1
pipe-vazqa,1,0,1
pipe-vbbls,1,0,1
pipe-vcsbx,1,0,1
pipe-vdpsk,1,0,1
pipe-vduvo,1,0,1
pipe-vfypn,1,0,0
pipe-vgmxj,1,0,0
pipe-viihu,1,0,1
pipe-vjhhl,1,0,0
pipe-vjyux,1,0,0
pipe-vkyvg,1,0,1
pipe-vltsq,1,0,0
pipe-vnwrh,1,0,1
pipe-vpvww,1,0,1
pipe-vqpsk,1,0,1
pipe-vrguf,1,0,1
pipe-vstuq,1,0,1
pipe-vsuxs,1,0,0
pipe-vtblv,1,0,1
pipe-vtyqs,1,0,1
pipe-vvqkw,1,0,1
pipe-vxzhp,1,0,1
pipe-wbicd,1,0,1
pipe-wccin,1,0,0
pipe-wdbdc,1,0,1
pipe-wdisl,1,0,0
pipe-wdrgk,1,0,1
pipe-wedkv,1,0,1
pipe-welkp,1,0,0
pipe-weypz,1,0,1
pipe-wfawl,1,0,1
pipe-wgmrr,1,0,1
pipe-whcxe,1,0,1
pipe-whrxa,1,0,0
pipe-wjfsi,1,0,0
pipe-wjnqk,1,0,1
pipe-wkevp,1,0,0
pipe-wkypi,1,0,1
pipe-wlamh,1,0,1
pipe-wlana,1,0,1
pipe-wlbef,1,0,1
pipe-wmbdt,1,0,1
pipe-wnaee,1,0,1
pipe-wnjaq,1,0,1
pipe-wozel,1,0,1
pipe-wpmcy,1,0,1
pipe-wppue,1,0,1
pipe-wpwyz,1,0,1
pipe-wuyzf,1,0,1
pipe-wvflc,1,0,0
pipe-wvrfv,1,0,1
pipe-wwcso,1,0,1
pipe-wwjcd,1,0,1
pipe-wwmke,1,0,1
pipe-wwzke,1,0,1
pipe-wxayp,1,0,1
pipe-wzayg,1,0,0
pipe-wzwca,1,0,1
pipe-xaceo,1,0,0
pipe-xbplr,1,0,1
pipe-xbpne,1,0,0
pipe-xdiib,1,0,1
pipe-xdqqq,1,0,1
pipe-xdtvz,1,0,1
pipe-xflhu,1,0,1
pipe-xgjhc,1,0,1
pipe-xherz,1,0,1
pipe-xhuhv,1,0,1
pipe-xiexg,1,0,0
pipe-xiqrt,1,0,0
pipe-xjllt,1,0,1
pipe-xkyez,1,0,1
pipe-xpgug,1,0,1
pipe-xpuzg,1,0,1
pipe-xqbzs,1,0,0
pipe-xqkox,1,0,1
pipe-xroba,1,0,1
pipe-xrurf,1,0,1
pipe-xsizo,1,0,1
pipe-xteyb,1,0,0
pipe-xuxhv,1,0,0
pipe-xvipd,1,0,1
pipe-xxapy,1,0,1
pipe-xxckm,1,0,0
pipe-xxmzc,1,0,0
pipe-xysln,1,0,1
pipe-xyxmg,1,0,1
pipe-xzvcm,1,0,1
pipe-yabfb,1,0,1
pipe-ybguf,1,0,1
pipe-ybrfs,1,0,1
pipe-ycykz,1,0,1
pipe-ydxpm,1,0,1
pipe-yeolz,1,0,0
pipe-yffmr,1,0,1
pipe-ygmmy,1,0,1
pipe-ygssv,1,0,1
pipe-yicpe,1,0,1
pipe-yicwc,1,0,0
pipe-yiolb,1,0,1
pipe-yjagc,1,0,1
pipe-yjiju,1,0,1
pipe-ykfjf,1,0,1
pipe-ymmrt,1,0,1
pipe-ymzmc,1,0,1
pipe-ynaeh,1,0,1
pipe-yoosq,1,0,1
pipe-ysfos,1,0,1
pipe-ysiuv,1,0,1
pipe-ysule,1,0,1
pipe-ytdyv,1,0,0
pipe-ytynx,1,0,1
pipe-yvmol,1,0,1
pipe-yxjbc,1,0,1
pipe-yyebz,1,0,1
pipe-yzard,1,0,1
pipe-zbbks,1,0,0
pipe-zbsjf,1,0,1
pipe-zbxmg,1,0,1
pipe-zbyis,1,0,0
pipe-zcluw,1,0,0
pipe-zenpw,1,0,1
pipe-zewcw,1,0,1
pipe-zfnbc,1,0,1
pipe-zgxib,1,0,1
pipe-zhfnj,1,0,1
pipe-zikot,1,0,1
pipe-ziktq,1,0,0
pipe-zjjzu,1,0,0
pipe-zjyzl,1,0,0
pipe-zlkrt,1,0,1
pipe-zlwfu,1,0,1
pipe-zmlfh,1,0,1
pipe-zmphe,1,0,1
pipe-znyao,1,0,1
pipe-zpisz,1,0,0
pipe-zplnz,1,0,0
pipe-zpsyu,1,0,1
pipe-zqrtq,1,0,1
pipe-zqvqw,1,0,0
pipe-zsliz,1,0,1
pipe-zssax,1,0,0
pipe-ztgbd,1,0,1
pipe-zthgz,1,0,1
pipe-ztvjv,1,0,1
pipe-zujsv,1,0,1
pipe-zulqj,1,0,1
pipe-zuuqr,1,0,1
pipe-zvkjb,1,0,1
